--
-- PostgreSQL database dump
--

-- Dumped from database version 13.0
-- Dumped by pg_dump version 13.0

-- Started on 2022-02-22 13:29:00

SET statement_timeout = 0;
SET lock_timeout = 0;
SET idle_in_transaction_session_timeout = 0;
SET client_encoding = 'UTF8';
SET standard_conforming_strings = on;
SELECT pg_catalog.set_config('search_path', '', false);
SET check_function_bodies = false;
SET xmloption = content;
SET client_min_messages = warning;
SET row_security = off;

--
-- TOC entry 6 (class 2615 OID 24576)
-- Name: MV; Type: SCHEMA; Schema: -; Owner: postgres
--

CREATE SCHEMA "MV";


ALTER SCHEMA "MV" OWNER TO postgres;

SET default_tablespace = '';

SET default_table_access_method = heap;

--
-- TOC entry 204 (class 1259 OID 24582)
-- Name: DEPARTAMENTOS; Type: TABLE; Schema: MV; Owner: postgres
--

CREATE TABLE "MV"."DEPARTAMENTOS" (
    id_departamento integer NOT NULL,
    nm_departamento character varying(100),
    nm_local character varying(100)
);


ALTER TABLE "MV"."DEPARTAMENTOS" OWNER TO postgres;

--
-- TOC entry 205 (class 1259 OID 24606)
-- Name: EMPREGADOS; Type: TABLE; Schema: MV; Owner: postgres
--

CREATE TABLE "MV"."EMPREGADOS" (
    id_empregado integer NOT NULL,
    cod_departamento integer DEFAULT 0,
    cod_funcao integer DEFAULT 0,
    nm_empregado character varying(100),
    data_admissao date,
    salario numeric(92,5),
    comissao numeric(92,5)
);


ALTER TABLE "MV"."EMPREGADOS" OWNER TO postgres;

--
-- TOC entry 206 (class 1259 OID 24622)
-- Name: FUNCOES; Type: TABLE; Schema: MV; Owner: postgres
--

CREATE TABLE "MV"."FUNCOES" (
    id_funcao integer NOT NULL,
    nm_funcao character varying(100)
);


ALTER TABLE "MV"."FUNCOES" OWNER TO postgres;

--
-- TOC entry 207 (class 1259 OID 24627)
-- Name: FUNCOES_id_funcao_seq; Type: SEQUENCE; Schema: MV; Owner: postgres
--

ALTER TABLE "MV"."FUNCOES" ALTER COLUMN id_funcao ADD GENERATED BY DEFAULT AS IDENTITY (
    SEQUENCE NAME "MV"."FUNCOES_id_funcao_seq"
    START WITH 1
    INCREMENT BY 1
    NO MINVALUE
    NO MAXVALUE
    CACHE 1
);


--
-- TOC entry 3005 (class 0 OID 24582)
-- Dependencies: 204
-- Data for Name: DEPARTAMENTOS; Type: TABLE DATA; Schema: MV; Owner: postgres
--

COPY "MV"."DEPARTAMENTOS" (id_departamento, nm_departamento, nm_local) FROM stdin;
1	Desenvolvimento	Predio I
2	Administrativo	
3	Contabilidade	
4	Suporte	House
\.


--
-- TOC entry 3006 (class 0 OID 24606)
-- Dependencies: 205
-- Data for Name: EMPREGADOS; Type: TABLE DATA; Schema: MV; Owner: postgres
--

COPY "MV"."EMPREGADOS" (id_empregado, cod_departamento, cod_funcao, nm_empregado, data_admissao, salario, comissao) FROM stdin;
1	3	3	Alan Nascimento	2022-02-22	2000.00000	200.00000
2	1	8	Eurico Pimenta	2019-01-01	2560.35000	700.00000
3	3	4	Lucas Farias	2017-02-05	1800.00000	0.00000
4	4	6	Anselmo Junior	2018-08-22	2000.00000	400.00000
5	1	2	Fernando Luz	2010-02-22	2000.00000	400.00000
\.


--
-- TOC entry 3007 (class 0 OID 24622)
-- Dependencies: 206
-- Data for Name: FUNCOES; Type: TABLE DATA; Schema: MV; Owner: postgres
--

COPY "MV"."FUNCOES" (id_funcao, nm_funcao) FROM stdin;
1	Marketing
2	Analista de Sistemas
3	Contador
4	Auxiliar Contábil
5	Suporte I
6	Suporte II
7	Desenvolvedor Junior
8	Desenvolvedor Pleno
9	Desenvolvedor Senior
\.


--
-- TOC entry 3014 (class 0 OID 0)
-- Dependencies: 207
-- Name: FUNCOES_id_funcao_seq; Type: SEQUENCE SET; Schema: MV; Owner: postgres
--

SELECT pg_catalog.setval('"MV"."FUNCOES_id_funcao_seq"', 1, true);


--
-- TOC entry 2868 (class 2606 OID 24586)
-- Name: DEPARTAMENTOS DEPARTAMENTOS_pkey; Type: CONSTRAINT; Schema: MV; Owner: postgres
--

ALTER TABLE ONLY "MV"."DEPARTAMENTOS"
    ADD CONSTRAINT "DEPARTAMENTOS_pkey" PRIMARY KEY (id_departamento);


--
-- TOC entry 2872 (class 2606 OID 24626)
-- Name: FUNCOES PK_Funcao; Type: CONSTRAINT; Schema: MV; Owner: postgres
--

ALTER TABLE ONLY "MV"."FUNCOES"
    ADD CONSTRAINT "PK_Funcao" PRIMARY KEY (id_funcao);


--
-- TOC entry 2870 (class 2606 OID 24610)
-- Name: EMPREGADOS PK_ID; Type: CONSTRAINT; Schema: MV; Owner: postgres
--

ALTER TABLE ONLY "MV"."EMPREGADOS"
    ADD CONSTRAINT "PK_ID" PRIMARY KEY (id_empregado);


--
-- TOC entry 2873 (class 2606 OID 24611)
-- Name: EMPREGADOS FK_DEPARTAMENTO; Type: FK CONSTRAINT; Schema: MV; Owner: postgres
--

ALTER TABLE ONLY "MV"."EMPREGADOS"
    ADD CONSTRAINT "FK_DEPARTAMENTO" FOREIGN KEY (cod_departamento) REFERENCES "MV"."DEPARTAMENTOS"(id_departamento);


--
-- TOC entry 2874 (class 2606 OID 24629)
-- Name: EMPREGADOS FK_FUNCOES; Type: FK CONSTRAINT; Schema: MV; Owner: postgres
--

ALTER TABLE ONLY "MV"."EMPREGADOS"
    ADD CONSTRAINT "FK_FUNCOES" FOREIGN KEY (cod_funcao) REFERENCES "MV"."FUNCOES"(id_funcao) NOT VALID;


-- Completed on 2022-02-22 13:29:01

--
-- PostgreSQL database dump complete
--

